id,first_name,last_name,email,phone_number
1,Emma,Smith,emma.smith@gmail.com,(555) 123-4567
2,Liam,Johnson,liam.johnson@gmail.com,(555) 234-5678
3,Olivia,Williams,olivia.williams@gmail.com,(555) 345-6789
4,Noah,Brown,noah.brown@gmail.com,(555) 456-7890
5,Ava,Jones,ava.jones@gmail.com,(555) 567-8901
6,William,Garcia,william.garcia@gmail.com,(555) 678-9012
7,Sophia,Miller,sophia.miller@gmail.com,(555) 789-0123
8,James,Davis,james.davis@gmail.com,(555) 890-1234
9,Isabella,Rodriguez,isabella.rodriguez@gmail.com,(555) 901-2345
10,Benjamin,Martinez,benjamin.martinez@gmail.com,(555) 012-3456
